{
    "config": {
        "instrumentServiceWsUrl": "http://localhost:8000",
        "portfolioServiceUrl": "http://localhost:9090"
    },
    "instruments": {
        "2_YEAR.UROX": {},
        "3_YEAR.UROX": {},
        "5_YEAR.UROX": {},
        "7_YEAR.UROX": {},
        "10_YEAR.UROX": {},
        "30_YEAR.UROX": {}
    },
    "myorders": {
        "HDGFHS-KBDFS-SDFSDF" : {

        }
    },
    "preferences": {},
    "marketData": {},
    "initials" : {},
    "uiState": {
        "ladder" : {}
    }
}

