{
  "$schema": "./node_modules/@angular/cli/lib/config/schema.json",
  "project": {
    "name": "avam-fit"
  },
  "apps": [
    {
      "name" : "main",
      "root": "src",
      "outDir": "dist/main",
      "assets": [
        "assets",
        "favicon.ico"
      ],
      "index": "index.html",
      "main": "apps/main/main.ts",
      "polyfills": "polyfills.ts",
      "test": "test.ts",
      "tsconfig": "tsconfig.app.json",
      "testTsconfig": "tsconfig.spec.json",
      "prefix": "fit",
      "styles": [
        "styles.scss"
      ],
      "scripts": [],
      "environmentSource": "environments/environment.ts",
      "environments": {
        "dev": "environments/environment.ts",
        "prod": "environments/environment.prod.ts"
      }
    }, {
      "name" :  "ml",
      "root": "src",
      "outDir": "dist/market-ladder",
      "assets": [
        "assets",
        "favicon.ico",
        "sw.js"
      ],
      "index": "apps/market-ladder/index.html",
      "main": "apps/market-ladder/main.ts",
      "polyfills": "polyfills.ts",
      "test": "test.ts",
      "tsconfig": "tsconfig.app.json",
      "testTsconfig": "tsconfig.spec.json",
      "prefix": "fit",
      "styles": [
        "styles.scss"
      ],
      "scripts": [],
      "environmentSource": "environments/environment.ts",
      "environments": {
        "dev": "environments/environment.ts",
        "prod": "environments/environment.prod.ts"
      }
    }, {
      "name" :  "mw",
      "root": "src",
      "outDir": "dist/market-watch",
      "assets": [
        "assets",
        "favicon.ico"
      ],
      "index": "apps/market-watch/index.html",
      "main": "apps/market-watch/main.ts",
      "polyfills": "polyfills.ts",
      "test": "test.ts",
      "tsconfig": "tsconfig.app.json",
      "testTsconfig": "tsconfig.spec.json",
      "prefix": "fit",
      "styles": [
        "styles.scss"
      ],
      "scripts": [],
      "environmentSource": "environments/environment.ts",
      "environments": {
        "dev": "environments/environment.ts",
        "prod": "environments/environment.prod.ts"
      }
    }, {
      "name" :  "ob",
      "root": "src",
      "outDir": "dist/order-blotter",
      "assets": [
        "assets",
        "favicon.ico",
        "sw.js"
      ],
      "index": "apps/order-blotter/index.html",
      "main": "apps/order-blotter/main.ts",
      "polyfills": "polyfills.ts",
      "test": "test.ts",
      "tsconfig": "tsconfig.app.json",
      "testTsconfig": "tsconfig.spec.json",
      "prefix": "fit",
      "styles": [
        "styles.scss"
      ],
      "scripts": [],
      "environmentSource": "environments/environment.ts",
      "environments": {
        "dev": "environments/environment.ts",
        "prod": "environments/environment.prod.ts"
      }
    }
  ],
  "e2e": {
    "protractor": {
      "config": "./protractor.conf.js"
    }
  },
  "lint": [
    {
      "project": "src/tsconfig.app.json",
      "exclude": "**/node_modules/**"
    },
    {
      "project": "src/tsconfig.spec.json",
      "exclude": "**/node_modules/**"
    },
    {
      "project": "e2e/tsconfig.e2e.json",
      "exclude": "**/node_modules/**"
    }
  ],
  "test": {
    "karma": {
      "config": "./karma.conf.js"
    }
  },
  "defaults": {
    "styleExt": "scss",
    "component": {}
  }
}
